day,channel,post_type,topic,hook,cta
1,LinkedIn,Chart teaser,Top ZIP opportunities,"The Sacramento ZIPs I am watching this month are not the obvious ones. I am looking for rent growth ahead of home values, not just expensive neighborhoods.","Join the free Sacramento Investor Radar list."
2,X,Short insight,Rent/value gap,"A ZIP with rising rents and flat values is more interesting than a ZIP where both already ran up.","Get the monthly ZIP radar."
3,LinkedIn,Permit insight,New supply,"Rent growth can look great until you check new permits. New units are future competition.","Subscribe for the monthly supply watch."
4,X,Contractor radar,Builders,"One underrated market signal: which builders keep pulling permits in the same ZIP.","Join the free list."
5,LinkedIn,Education,Confidence,"A 40% rent spike is not automatically opportunity. It might be low-volume noise. Confidence matters.","Get the next issue."
6,X,Chart teaser,Renovation pulse,"Renovation permits are not the same as new supply. I separate ADUs, remodels, roofing, HVAC, plumbing, and electrical.","Subscribe for the Sacramento renovation pulse."
7,LinkedIn,Founder note,Why this exists,"Most investors start with listings. I think that is backwards. I want to know where to look before I look at deals.","Join the free Sacramento Investor Radar."
8,X,Market note,ADUs,"ADU activity can be a reinvestment signal, a supply signal, or both. The trick is separating it from basic maintenance permits.","Get the monthly report."
9,LinkedIn,Chart teaser,Supply pressure,"A good rent/value ZIP with heavy new supply deserves a different thesis than one with low supply pressure.","Subscribe for the monthly supply watch."
10,X,Question,Audience research,"Sacramento investors: which ZIP should I add to the watchlist next month?","Reply with a ZIP."
11,LinkedIn,Contractor radar,Top contractors,"I am starting to track which contractors are most active by ZIP and work type in Sacramento permits.","Join the contractor radar list."
12,X,Short insight,Slowdowns,"Negative momentum does not always mean rent is falling. It can mean the growth rate is cooling.","Get the monthly slowdown list."
13,LinkedIn,Education,Data warnings,"The report flags suspicious moves because bad data can make a mediocre market look amazing.","Subscribe for confidence-rated ZIPs."
14,X,Chart teaser,Top rent growth,"Rent growth leaders are useful, but only after filtering for confidence and market size.","Join the free list."
15,LinkedIn,Sample thesis,ZIP thesis,"A useful ZIP thesis should say why it is interesting and what could prove it wrong.","Get the sample report."
16,X,Question,Investor needs,"What would be more useful to you: top ZIPs, contractor activity, ADU permits, or rent slowdown warnings?","Reply with one."
17,LinkedIn,Permit insight,Renovations,"A cluster of remodel/addition permits can signal reinvestment. A cluster of water heaters probably does not.","Subscribe for the renovation pulse."
18,X,Short insight,Builder signal,"If multiple builders are active in one ZIP, that is not just data. It is behavior.","Join the contractor radar."
19,LinkedIn,Chart teaser,Cash-flow score,"I rank ZIPs by a blend of gross yield, rent/value gap, rent growth, value momentum, confidence, and supply pressure.","Get the monthly radar."
20,X,Warning,Supply risk,"The best-looking rent growth ZIP can still be risky if a large wave of units is being permitted nearby.","Subscribe for supply warnings."
21,LinkedIn,Founder note,Local edge,"National housing dashboards are useful. Local permit interpretation is where the edge starts.","Join the Sacramento list."
22,X,Chart teaser,Value growth,"Fast home value growth is useful for appreciation investors, but it can hurt cash-flow entry points.","Get the monthly report."
23,LinkedIn,Education,Manual verification,"Data should create a watchlist, not replace due diligence. Every highlighted ZIP gets a manual verification checklist.","Subscribe for the next issue."
24,X,Question,Contractors,"Which Sacramento contractor or builder should I track in the next issue?","Reply with a name."
25,LinkedIn,Sample report,Public preview,"I am publishing a sample Sacramento Investor Radar issue: top ZIPs, permits, contractors, and warnings.","Get the free sample."
26,X,Short insight,Market segmentation,"Metro averages hide ZIP-level opportunity. ZIP averages hide block-level reality. Use each layer for the right job.","Join the free list."
27,LinkedIn,Case study,ZIP deep dive,"A ZIP deep dive should include rent, values, supply, renovations, contractors, and confidence. Otherwise it is just a chart.","Get the ZIP thesis template."
28,X,Chart teaser,Slowdown,"I am tracking where rents are slowing, not just where they are rising. Slowdowns can protect you from chasing stale trends.","Subscribe for slowdown warnings."
29,LinkedIn,Offer,Beta invite,"I am looking for 5 Sacramento investors to review the first full Investor Radar issue before it becomes paid.","Reply beta."
30,X,Launch,First issue,"The first Sacramento Investor Radar issue is going out soon. It includes top ZIPs, supply pressure, renovation pulse, and contractor activity.","Join before the first issue."
